iteration,size,execution_time,memory_used,success
0,671,1.6420354843139648,25.11328125,True
1,1342,2.891016721725464,22.16796875,True
2,2684,5.958287477493286,46.4453125,True
3,5368,11.04372239112854,62.7109375,True
4,10736,22.566423416137695,193.90625,True
5,21472,45.64595627784729,330.8359375,True
6,42944,91.02198791503906,650.0625,True
7,85888,183.62075304985046,1171.48828125,True
8,171776,370.28219628334045,2460.95703125,True
